{"cameraMode":{"drawMode":0,"name":"Shaded","section":"Shading Mode"},"sceneLighting":false,"audioPlay":false,"sceneViewState":{"showFog":true,"showMaterialUpdate":false,"showSkybox":false,"showFlares":true,"showImageEffects":true,"showParticleSystems":true},"in2DMode":false,"pivot":{"x":0.0000017881393432617188,"y":1.4794957637786866,"z":0.0016335844993591309},"rotation":{"x":0.08531640470027924,"y":0.15037761628627778,"z":-0.01296943612396717,"w":0.9849271774291992},"size":2.270146608352661,"orthographic":false}