{"cameraMode":{"drawMode":0,"name":"Shaded","section":"Shading Mode"},"sceneLighting":true,"audioPlay":false,"sceneViewState":{"showFog":true,"showMaterialUpdate":false,"showSkybox":true,"showFlares":true,"showImageEffects":true,"showParticleSystems":true},"in2DMode":false,"pivot":{"x":47.78429412841797,"y":2.9633162021636965,"z":18.38795280456543},"rotation":{"x":0.14113391935825349,"y":0.20918872952461244,"z":-0.03052704595029354,"w":0.9672044515609741},"size":0.3339744210243225,"orthographic":false}