{"cameraMode":{"drawMode":0,"name":"Shaded","section":"Shading Mode"},"sceneLighting":false,"audioPlay":false,"sceneViewState":{"showFog":true,"showMaterialUpdate":false,"showSkybox":false,"showFlares":true,"showImageEffects":true,"showParticleSystems":true},"in2DMode":false,"pivot":{"x":0.536468505859375,"y":2.0604419708251955,"z":-0.1946887969970703},"rotation":{"x":-0.10224610567092896,"y":0.8977208733558655,"z":-0.2988009452819824,"w":-0.30719009041786196},"size":9.217414855957032,"orthographic":false}